# Synonym groups for interactive-fiction verbs.  GENERATED; do not hand-edit.
#
# Regenerate with `verb-synonyms-gen` — see crates/verb-synonyms-gen/README.md.
# Derived from WordNet 3.0 (Princeton University) and the 12dicts 6.0.2
# lemmatized frequency list (Alan Beale, under the AGID terms).  The notices
# both licences require are in THIRD-PARTY-NOTICES.md at the repository root.
#
# FORMAT: one group per line, members separated by TABS.  There is no key
# column — every member is equal, and a word may appear in SEVERAL groups, one
# per sense.  A tab is the separator because a member may itself contain a
# space (`turn on`), and no dictionary word contains a tab.
#
# A group is one of two things, and neither is ever merged with the other:
#
#   * ONE VERB ENTRY some stories declare — the spellings a game's own author
#     wrote on a single verb, which is that author saying these words are one
#     action.  Believed only where several stories agree, and greppable in
#     crates/verb-synonyms-gen/if_groups.tsv, which is where a row's provenance
#     can be looked up: this file is members and nothing else.
#   * ONE WORDNET SYNSET, filtered to words a player might type, plus — where a
#     synset no story could match has a hypernym that one can — that synset
#     unioned with its immediate hypernym.  Exactly one hop, never chained.
#
# WHERE THE TWO DISAGREE, THE GAMES WIN.  A game-derived group comes before
# every synset containing the same word, because a game author writing
# `Verb 'examine' 'x' 'inspect'` has stated what a word means IN A PARSER, and
# that is the only question this table asks.  WordNet is not overruled, only
# outranked: its groups still follow, and reach a story that implements a word
# no game in the corpus grouped.
#
# AT LOOKUP, two rules define what this data means:
#   1. Lemmatise the player's word FIRST.  Members are base forms, because an IF
#      parser accepts the imperative; `illuminated` never arrives here, and if
#      the consumer skips this step a miss looks like a hole in the data instead
#      of a missing step in the caller.
#   2. Intersect the group with THIS story's dictionary and show only what
#      survives, then drop the word the player actually typed — it is in the
#      group by construction and it is the one word known to have failed.
#
# LINE ORDER IS SIGNIFICANT — DO NOT SORT THIS FILE.  The groups containing any
# given word appear best-guess first: that word's game-derived groups, then its
# synsets in WordNet's own sense order, commonest sense first.  A consumer can
# therefore walk them and stop after three or four dictionary matches.  Sorting
# the file alphabetically destroys that signal silently.  Member order within a
# line is significant too: verbs the corpus actually uses come first, commonest
# first.
#
# Built with: sense-cap 6 band-cap 16 group-cap 12 hyponym-cap 25 gap-fill true
#             game-support 2 game-group-cap 13
# From 10023 harvested IF spellings, 2082 of which WordNet knows as verbs.
# 3099 groups, 10785 memberships.
accuse	impeach	incriminate
admire	look up to
agitate	foment	stir up
apologise	apologize
ask	tell
ask	question	inquire
ask	question	inquire	consul
ask	query	consul
ask	query	question	quiz	interrogate
ask for	invite
attend	go to
attend to	take to heart
bail out	bale out
bake	broil
banquet	feast
barf	chomp	lose
bargain	dicker
bat	flutter
batter	buffet	knock about
baste	batter	clobber
battle	combat
beat	jack	jerk
beat about	cast about	cast around
behead	decapitate
bellow	bawl
belt	belt out
bend	spread
bet	wager
betray	fail
black	blacken
board	embark
board	mount
board	mount	ride
body	personify
bother	darn
brace	nerve	poise	steel
break	smash	attack	destroy	fight	hit	kill	murder	wreck	punch	crack	thump	torture
attack	fight	hit	hurt	injure
attack	fight	hurt	injure	assault
break	smash	destroy	damage	block
break off	break short	cut short
break out	break away
breathe	take a breath
bridge	bridge over
brief	normal
buckle	clasp
bug	tease	badger	beleaguer	pester
bur	burr
burn	light
burn	ignite
burn up	blaze up	flame up	flare
burn up	burn off
burrow	tunnel
bury	plant
bury	inter	lay to rest
buy	purchase
buy	purchase	order
bye	farewell	goodbye
call for	request	demand	quest
carve	chip at
carve	cut up
cash	cash in
catch	trap
challenge	dispute
chant	intone	tone
check in	sign in
cheer	comfort	entertain
chirp	peep
chomp	champ
clap	applaud
clean	wipe	polish	sweep	scrub	shine	rub	dust
clean	wipe	wash
clean	sweep	brush
clean	wipe	brush
clean	wash	tidy
clear off	clear away
climb	scale
cloak	mask
cloud	overcast
cloud	fog	haze over	mist	obscure
cock	prance	ruffle	strut	swagger
come around	come round
come around	roll around
comfort	console	soothe	solace
comfort	ease
command	general
command	officer
complain	plain	sound off
consider	contemplate
consult	confer with
copy	imitate	model	pattern	simulate
copy	replicate
cork	uncork
cork	cork up
count	tally
crack	snap	whip
crack down	clamp down
crank	zigzag
crank	crank up
create	develop
creep in	sneak in
creep up	sneak up
crow	gloat	triumph
crunch	crackle
cry	sob	frown	grimace	scowl	sniffle
cuddle	nuzzle	draw close	nest	nestle	snuggle
cuff	handcuff
curdle	clot
cut	slice	chop	prune
cut	slice	pierce
cut	chop	hack
dam	dam up
dance	trip the light fantastic	trip the light fantastic toe
date	date stamp
debark	disembark
debark	disembark	dismount
decode	decipher
deep-six	give it the deep six
desist	refrain	abstain
detach	unplug	disengage	disconnect
did	how	when	why
diffuse	fan out	spread out
dig	search
dig	excavate
dig in	entrench
dig in	pitch in
dip	dunk
disk	harrow
distance	outstrip
doff	shed	disrobe
douse	quench	snuff	extinguish
deactivate	extinguish
disable	deactivate
disable	handicap	incapacitate	invalid
douse	smother	extinguish
drag down	bear down	bear down on	press down on	weigh down
charge	bear down
accuse	charge	blame	fault
drag on	drag out
drag up	dredge up
dress	get dressed
dribble	filter	trickle
dribble	drip
drill	bore
drink	sip	swallow
drink	swallow	imbibe
drink	sip	imbibe	guzzle	quaff	swill
drive	banish	exorcise	cast
banish	cast out	ban	ostracize	shun
drive	coach
drive	tool
drive	motor
drive around	chauffeur
drop	discard	throw
drop	dump
drop	release
drop in	come by	drop by
drop off	fall asleep	dope off	doze off	drift off	flake out	nod off
drug	dose
dry out	run dry
dry	dry out
dummy	idiot	stupid
dummy	dummy up
eat	devour	gobble	ingest
eat	consume	devour	gobble	ingest	swallow	nibble
drink	sip	swallow	imbibe	guzzle	quaff	swill
edit	edit out
ejaculate	blunder	blunder out	blurt	blurt out
enjoy	bask	relish	savor
enter	cross
cross	ford
cross	traverse
cross	ford	traverse
entertain	host
escape	flee
examine	describe	watch	check
check	test	dust
examine	describe	what
excavate	unearth
excuse	pardon
exit	out	leave
exit	depart	withdraw
exit	out	outside
exit	depart	withdraw	scram
explode	detonate
eye	eyeball
face off	bully off
faint	swoon	pass out
fart	burp
fart	break wind
feel	touch
feel	touch	pet	pat	rub
feel	touch	fondle	grope
fetter	shackle
fill	flood
fin	break water
find	seek
find	seek	see	where
find	seek	discover
find	where	seen	there
fire	shoo
fire	shoot
fire	shoot	blast	burn	zap
blast	blare
burn	ignite	kindle	char	combust	cremate	scorch	incinerate
burn	on
char	coal
fire	open fire
fix	repair	patch	plug	glue
fix	mend
flatten	flatten out
flood	deluge	inundate	swamp
flush	crimson	blush	redden
flush down	wash down
fly	flap	wing
fly by	whisk by	zip by
focus on	center	revolve around	center on	concentrate on	revolve about
focus	center	concentrate	pore	rivet
follow	chase	pursue
follow	chase	pursue	come
come	come up
follow	chase	pursue	trace
find	seek	follow
find	seek	locate
follow	fall out
follow	travel along
follow	abide by	comply
follow	come after
footnote	annotate
force out	depose
forward	send on
fuck off	loaf	arse about	arse around	bum	bum about	bum around	loll	loll around	lounge about	lounge around
gab	yak
gag	choke	fret
gag	muzzle
gag	quip
garble	warp	distort	falsify
gel	mousse
get back	win back
get back	get even
get down	lower	take down	bring down	let down
get into	tangle with
enter	get in	get into	move into	come in	go in	go into
enter	participate
get to	progress to
give	offer	feed	pay
give	offer	feed	hand	donate
drop	put	give
give	offer	hand	donate	sell
give out	emit	give off
give up	throw overboard	forego	forfeit	forgo	waive
glue	paste
gnaw	eat at	erode	gnaw at	wear away
grieve	sorrow
grieve	aggrieve
grimace	make a face	pull a face
grind	grate
groan	ugh	uh	um
groove	furrow	rut
grope for	scrabble
gurgle	babble	bubble	ripple
burp	belch	bubble
gyrate	coil	spiral
hack	saw
ham	ham it up
hammer	forge
hang	hang up
hang	string up
harken	hark
harvest	reap	glean
haul off	cart away	cart off	haul away
head off	avoid	avert	deflect	fend off	obviate	stave off	ward off
hear	list
heat	warm
heat	warm	cook
hello	hi
greet	salute	hello	hi
greet	salute	hello	hi	bye
help	hint
hiccough	hiccup
hide	conceal
hie	race	belt along	bucket along	hasten	pelt along	rush	rush along	speed	step on it
highlight	foreground	play up	spotlight
hike up	hitch up
hint	help	clue
help	aid
hint	help	clue	credit	author	about	menu	info
hiss	whoosh
hit	strike	slap	whack	swat
hold on	grasp
hold over	carry over
carry over	carry forward
holler	holler out
hone	sharpen
hone	perfect
honk	toot	beep	blare
hug	embrace	kiss
hum	buzz	seethe
hurrah	woo	hooray
ignore	disregard	snub
in	inside
inch	edge
indulge	gratify	pander
inhale	hyperventilate
insult	affront
interpret	construe
inventory	take stock
invite	ask over	ask round
iron	iron out
jack	jack up
jar	clash	collide
jar	jolt
jar	bump around	shake up
jiggle	wiggle	loosen	wobble	hook
jiggle	wiggle	joggle
jog	ramble	ramble on
jog	even up	square up
keep off	avoid
keep off	stay off
keep up	prolong	sustain
kick	taunt	bite
kick around	kick about	knock about
kick in	set in
kill	murder	slay	stab	dispatch
dispatch	route	send off
kill	ruin
kindle	inflame
kiss	smooch
kiss	care	fond
care	fuss	give care	mother
kneel	bow	grovel	genuflect
bow	curtsy
bow	bow down
knock	rap
knock	rap	pound
knock	rap	bang
knock	rap	pound	tap
knock	strike hard
knock	bump
knock out	knock cold
land	dock	moor
lap	swish
lasso	rope
laugh at	roast	guy	jest at	make fun	poke fun	rib	ridicule	roasted
launch	set up	establish	found
lay into	pitch into	lace into	tear into
lay over	stop over
lead off	lead astray
lead on	deceive	delude	fox	play a joke on	play a trick on	pull a fast one on	trick
leak	leak out
lean on	rest on	lean against
leash	rope
lift	raise
lift	raise	boost
hike	hike up	boost
lift	raise	hoist	elevate
light	light up	illuminate
limber	limber up
line	run along
listen	hear
listen in	eavesdrop
load	laden	load up
lock	latch
look	stare	gaze
look	stare	gaze	peek	peer
look	sear	exam
look back	look backward
look into	experiment	investigate
loop	intertwine
lose	misplace
love	enjoy
enjoy	delight	revel
low	moo
lubricate	oil	grease
make	mix
make happy	make merry	racket	revel	whoop it up
make over	rework
make over	redo	remake
map	chart
map	map out
marinate	marinade
mark	label	code	tag
mark	dimension
marry	wed
mask	disguise
match	compare
measure	measure out
measure	meter	quantify
melt	liquify
liquify	flux
melt	thaw
melt	melt down
moan	groan
monitor	supervise
munch	crunch
neigh	nicker	whicker	whinny
nope	no	nah	uh-uh
nosh	snack
note	jot	writ
jot	jot down
obtain	source
obtain	derive	gain
offend	pique
oil	anoint
oink	squeal	grunt
oink	squeal
okay	yes	sure	yup
no	yes	maybe
okay	negative	affirm	yes	no	sure	nope	yup	nay	aye
negative	veto
nope	nah	never
open	unwrap	uncover
open	unwrap	uncover	undo
open	unseal
open	unseal	disassemble
open	part	draw
draw	reap
paint	stain
paper	wallpaper
patch	patch up
pay	bribe	entice
buy	bribe	corrupt
entice	lure	tempt
invite	tempt
peck	beak
perch	roost
petrify	petrified
pick up	lift up	gather up
piddle	trifle	wanton	wanton away
pig	pig it
pile	stack	heap
plague	blight
plan	be after
plan	schedule
plan	chart
play	fiddle	toy	cavort
fiddle	shrink from
play	star
plug	fit
plug in	plug into
plunk	clump
plonk	plunk	plank	plop	plump	plump down	plunk down
point	aim
point	gesture
point	aim	shine
clean	polish	scrub	shine	brush	mop	swab
clean	wipe	polish	sweep	brush	smear
clean	make clean
point	aim	gesture
poke	jab	blind
pop	burst
pop	deflate
deflate	puncture
pop out	burst out
pounce	swoop
pour	spill
pour	spill	sprinkle
pray	beg	implore	insist
prevent	forbid	foreclose	forestall	preclude
counter	anticipate	foresee	forestall
print	publish
puff	huff
pull	drag
pull	tug
pull	drag	tug
pull	drag	tug	yank
pull off	pluck	pick off	tweak
carry off	pull off	bring off	manage
carry off	bear away	bear off	carry away	take away
pluck	hustle
pull off	draw away	draw off
punch in	clock in	clock on
punch out	clock off	clock out
punt	pole
pursue	engage	prosecute
push	press	move	shift	clear
empty	clear
pour	spill	empty
push	press	shove
pull	drag	tug	yank	shove
drag	haul	cart
move	pull	lead
move	shift	roll	dislocate
push aside	push away
brush off	dismiss	ignore	push aside	brush aside	discount	disregard	slight
ignore	disregard	neglect
push on	press on
push out	thrust out
put	place	insert	stuff	lay
drop	put	disc
put over	get across
put over	hold over	shelve	table	defer	postpone	put off	remit	set back
question	call into question
question	interrogate
query	question
question	interview
queue	line up	queue up
quit	die
quit	end
rage	ramp	storm
blow	storm
blow	drift	float	be adrift	stream
pour	stream	swarm	teem
pour	pour out
rake in	shovel in
rape	molest
rape	molest	defile	ravish	hump
attack	fight	rape	molest	assault	repel
defile	cloud	corrupt	sully	taint
defile	stain	sully	tarnish
hump	hunch	hunch forward	hunch over
infect	taint
kill	attack	hit	fight	murder	slay	stab	strike	slap
break	smash	destroy	damage	hit	chop	chip
break	smash	destroy	wreck	crack	damage	demolish	trash	erase
cut	slice	chop	prune	slash	split
chop	chop up
chop	hack
hit	fee	tic
kick	poke	slap	prod	beat	spank
kill	murder	hit	punch	slay	stab	slap	strike	whack	wound
rat	scab
rattle	shake	jostle
raven	predate	prey
reach	grope
grope	fumble
read	skim
read	skim	browse
read	skim	browse	leaf
look	see	read	exam
read	skim	peruse
look	sear	read	stud	open	exam
look	appear	seem
open	unzip
recharge	reload
refill	fill again	replenish
repair	service
repent	atone
repent	regret	rue
replace	supersede	supplant
replace	put back
put back	knock back	set back
replay	play back
reset	readjust
rest on	repose on	build on	build upon	owe
restore	resume
restart	resume
retract	recant
retract	shrink back
return	home
review	reexamine
review	critique
revolve around	circle around	circle round
ring	peal
rinse	rinse off
rip	tear
rip	tear	shred
rip	tear	cut	slash
rip	rend
rip up	tear up	shred
roll down	avalanche
roll off	rattle down	rattle off	reel off
roll up	furl
root	rout
rough	rough in	rough out
rub	shin
feel	touch	pet	pat	rub	shade
feel	touch	pet	pat	rub	disturb
feel	touch	pet	pat	fondle	scratch	poke	stroke
fondle	caress
poke	prod	stab
rub off	rub down
run	walk	go
run	walk	proceed	step	go
boar	go
run into	bump into	butt against	jar against	knock against
run off	bolt	go off	make off
run on	keep going
run out	drain
drain	debilitate
run out	run off	bolt	beetle off	bolt out
gobble	bolt
run out	expire
run through	go through	work through
sabotage	counteract	subvert	undermine	weaken
save	rescue
rescue	preserve
save	pause	suspend
pause	hesitate
scan	glass
score	status
scrag	choke
scrape	grate
screech	creak	squeak	whine
screech	squawk
scribble	scrabble
scribble	scrawl
scrub	scour
scrub	scrub up
sculpt	grave	sculpture
scuttle	scamper	scurry	skitter
sear	scorch	singe
char	scorch	sear	blacken
sear	parch
search	rummage
search	rummage	frisk	ransack	sift
search	rummage	sift	sort
seed	sow
sell up	sell out
serve	staff
set	adjust
set up	assemble	confuse	jumble	mix up	piece	put together	tack	tack together
settle on	fixate
shade	shadow	shade off
fill in	shade
shadow	dwarf	overshadow
shake	bounce
shake	rock
share	pool
share	partake	partake in
sharpen	edge
focus	sharpen
shed	doff	remove
shin	scramble	clamber	skin	sputter	struggle
scramble	jumble	throw together
shine at	excel at
shit	fuck	damn
damn	curse
fuck	piss
shit	fuck	damn	sod
shit	fuck	damn	curse
curse	swear	cuss
fuck	shit	piss	ball	bog	cunt
bog	bog down
fuck	shit	piss	wank
piss	pee	wee	crap	poop
pee	piss	urinate	wee	piddle	pee-pee	wee-wee	make water	pass water	puddle	relieve oneself	spend a penny	take a leak
shock	ball over	blow out of the water	floor	take aback
shoo	scram	boo	scat
boo	hiss
scram	fuck off	bugger off	buzz off
fuck off	jack off	jerk off	wank	masturbate
shoo	shoo away	shoo off
show	display	present
give	offer	hand	donate	deliver	present	bestow
deliver	declaim
declaim	recite
give	offer	feed	hand	pay	deliver
offer	proffer
offer	volunteer
pay	finance
recite	spell	spell out
recite	retell
shower	lavish
shower	shower down
shriek	pipe	pipe up	shrill
shut	close	cover
close	shut	slam
cover	block	shield
cover	plug
cover	bloody	spread over
sigh	mumble
mumble	mutter
mumble	gum
sigh	grumble	bah
sign	subscribe
sign	ratify
sign	initial
sign	contract	sign on	sign up
sign	signal	flag
sign	bless
sing	whistle
sit	lie
lie	recline
sit	squat	crouch	settle
hide	crouch
put	place	insert	stuff	hide
put	place	insert	stuff	lay	stash
put	place	insert	stuff	stick
settle	settle down
settle down	root	steady down	take root
sit down	seat
sit up	stay up
sketch	chalk out
sketch	outline
skim	plane
skim	skim over
skip	hop
skip	hop	jump
jump	leap
jump	leap	dive
slam	bang
sleep	nap
sleep	nap	snooze	rest
nap	sleep	snooze	doze
sit	squat	rest
sit	climb
climb	board
board	ride	embark
climb	scale	crawl	creep
climb	hatch
crawl	kneel	peek
creep	sneak	mouse
crawl	creep	grovel	cower	cringe	fawn
lie	sit	recline	climb	lay
lie	recline	repose
lie	top
lie	cap	crest
lie	sun	sunbathe
expose	sun
lie	lie in	consist	dwell
be	dwell	inhabit	live	populate
recline	lean back
repose	reside
recline	repose
sit	sit down
sit	sit around
sleep	nap	snooze	rest	doze
nap	catch a wink
rest	relax
rest	breathe	take a breather
lie	rest
sleep	slumber
sleep in	sleep late
sleep in	live in
slice	slit
slice	slice up
slice through	slice into
sling	catapult
smack	thwack
smear	blur	smudge
smear	blood
smear	denigrate	slander	sully
smell	sniff
smell	sniff	whiff
smell	sniff	whiff	inhale
smell	smack	reek
smile	grin
smite	afflict
smoke	fume
smooch	spoon
smooth	plane
smooth	sand	sandpaper
snap	snarl
snap at	bite off
sniff	whiff
snooze	doze
snort	huff
snort	take a hit
snuff	snuffle
sniffle	blubber	snuffle
blubber	blubber out
sniff	sniffle
sow	sow in
spill	slop	splatter
spill	run out
spin	whirl
spirit	spirit up
spit	drool
drool	salivate
drool	slaver	dribble
spit	spew
spew	spew out
spit out	sputter
spit	spit out
cough out	spit out	cough up	spit up
splash	drown
sprout	burgeon forth	germinate
spur	goad
needle	goad
squeal	confess
squeeze	squash
stab	knife
stamp	trample
break	smash	destroy	wreck	damage	demolish	crush	trample
demolish	pulverize
squeeze	squash	crush	squish	crumple
stamp	stomp	stump
stamp	frank	postmark
stamp	meter
stamp	stereotype
stand	rise
stand	lean	prop
stand back	stay away
star	asterisk
stare	gaze
start	activate
activate	enable
starve	crave	hunger	lust	thirst
step in	interfere	intervene
step on	tread on
step up	escalate	intensify
step up	rev up
rev	rev up
stick around	stand by	stick about
stick on	plaster	plaster over
stick on	affix	post
affix	append	add on	supplement
stop	halt
stop	block
stretch	stretch along
strike back	retaliate
stroll	saunter
stud	dot
stun	sandbag
stun	daze
suckle	nurse
super	superb
suspend	freeze
swab	dab
sweep	brush
sweep	sail
sweep	broom
drag	sweep	drag in	sweep up	tangle	embroil
drag	get behind	drop back	drop behind	hang back	trail
knot	tangle
swim	wade	bathe
bathe	bath
swim	dive
jump	leap	dive	vault
jump	skip	hop	leap
jump	leap	vault	bound	hurdle
jump	leap	dive	vault	bound	hurdle
dive	plunk	plunge
jump	leap	bound	spring
launch	plunge
launch	set in motion
skip	hop	cavort	gambol
swing	thrust
push	press	shove	nudge	thrust	stick
nudge	prod	poke at
prod	egg on	incite
push	jab
poke	jab	prod	stab
shove	jostle
swing	slide
swivel	pivot
table	tabulate
take	hold	carry
take	get	grab
take	get	hold	carry	grab
take	get	hold	carry	grab	remove
get	take	pick
remove	unwrap
take	get	hold	grab	carry	catch	remove
take	get	hold	grab	pick
take	get	hold	grab	carry	catch	steal	snatch	seize
get	cat	pic
get	acquire
grab	catch	steal	trap	swipe	pin
hold	keep	maintain
hold	take hold
seize	clutch
snatch	snatch up
snatch	abduct	kidnap
steal	slip
take up	seize on	hook on	fasten on	latch on
talk about	discuss	discourse
converse	discourse	interview
talk about	talk of
tangle	dishevel	tousle
tangle	entangle	mat	snarl
tape	videotape
taste	lick
taste	lick	nibble
eat	consume	taste	bite
eat	lunch
eat	breakfast
lick	chew
taste	sample
taste	savor
tear off	tear away
tell	advise	inform
advise	counsel
thank	thanks
throw overboard	deep-six
tickle	thrill	vibrate
shiver	shudder	thrill	throb
tie	fasten	attach
tie	fasten	attach	secure
attach	connect
tie	fasten	attach	fix
fix	make
fix	fit
fit	suit	accommodate
tie	fasten	attach	secure	strap
secure	procure
procure	pander	pimp
time	clock
tinkle	chink	clink
tip	fee
tip	topple	tumble
toe	toenail
toss	throw	hurl	chuck
toss	throw	hurl	chuck	pitch	fling
fling	splurge
toss	throw	hurl	cast
cast	invoke
trade	merchandise	traffic
trade	market	merchandise
shop	market
trade	import	merchandise
trade	export	merchandise
trade	trade in
transfer	reassign
transfer	import
transfer	export
transfer	transplant
trap	pin down
trap	snare
trap	pin	immobilize
trash	junk	scrap
trash	tear apart	pan
travel to	visit
treasure	temple
tune	tune up
turn	rotate	twist	screw	unscrew
spin	rotate	whirl
turn	flip	set	shut
flip	turn	switch	flick	toggle
shut	close	seal
seal	seal off
seal	varnish
shut	keep out	exclude	shut out
bar	exclude
turn around	swing about	swing around
turn back	backtrack	double back
turn on	switch on
turn on	depend on	depend upon	devolve on	hinge on	hinge upon
turn to	address
twist around	pervert	sophisticate
unbalance	derange
uncover	unplug	unpin	unblock
uncover	reveal	bring out	unveil
undress	strip	disrobe
strip	undress	unmask
strip	deprive	divest
unfold	extend
unfold	blossom	blossom forth	blossom out
unlock	unbar
unlock	unbar	unbolt
unroll	unwind	wind off
unroll	unfurl
untangle	disentangle	extricate
untie	unfasten	free	unhook
free	release
drop	dump	release
release	revisit
untie	unfasten	unhook	undo
free	undo
undo	unmake
untie	unfasten	free	unknot	unstrap
unknot	untangle	unravel
untie	unfasten	free	unhook	detach	unwrap	unlash	disconnect
detach	come away	come off
unplug	disconnect
unwind	disentangle
upset	disconcert	embarrass
disturb	upset	trouble
use	with
use	employ	exploit	operate
use	equip
use	employ	apply	exercise	exert	utilize
use	employ	apply	implement	utilize
apply	go for
vandalise	vandalize
wait	loiter
loiter	lurk	hang around	linger	loaf	lounge	mess about	mill about	mill around
linger	hover
lurk	waylay	ambush	lie in wait
wait	stay
rest	stay	remain
wake	awake	awaken
wake	awake	startle	surprise
startle	surprise	scare	arouse	frighten
scare	threaten
threaten	endanger	imperil	jeopardize	menace	peril
wake	awake	rouse
wake	awake	awaken	rouse
wake	awake	awaken	startle	surprise	rouse
startle	galvanize
jump	startle
surprise	amaze	astonish	astound
surprise	storm
wake	awake	rouse	revive
walk	run	proceed	step	sidle
run	walk	ride	swim	go
run	walk	leave	go
step	tread
step	abuse	mistreat
trample	tread
tramp down	trample	tread down
travel	move	go
travel	journey	tour
use	abuse	expend	misuse	pervert
walk around	walk about
walk away	walk off
waltz	waltz around
warble	quaver
warble	yodel
warm	warm up
limber up	warm up	loosen up
wash	rinse
wash	launder
wash off	wash away	wash out
wash up	exhaust
watch	observe
examine	describe	watch	inspect	observe	study
examine	describe	watch	check	inspect	observe	study	see	survey
examine	describe	check	inspect	study	see	survey	trace
follow	trace
inspect	case
watch	witness
water	irrigate
wave	brandish
wave	beckon
smile	grin	laugh	nod	sneer	wave
smile	grin	smirk
wave	brandish	beckon	motion
smile	grin	laugh	nod	sneer	beckon	motion
laugh	cackle
laugh	haw	ha
laugh	express joy	express mirth
motion	gesture
nod	sure	yup	yeah
smile	grin	wink
wave	show
wear	don
wear	have on
weave	interweave
weave	net	tissue	web
weave	waver
wedge	force
put	place	insert	stuff	lay	wedge	force	stash
pry	lever	force	prise	prize
stash	lay away	cache	hive up	hoard	squirrel away
wedge	prop
stick	wedge	deposit	lodge
deposit	bank
stick	stay	stick around	stay put
stay	abide	bide
wet	soak
pluck	rob	hook	soak	fleece	plume	surcharge
hook	crochet
pluck	plunk
soak	drench	sop
soak	hock	pawn
whack	wallop	wham	whop
bash	sock	bop	whop
what	who
whet	quicken
whiff	puff
drag	puff
whirl	twirl	swirl
whisk	whisk off
white	whiten
wield	equip
will	bequeath
wink at	connive at
wipe off	wipe away
wipe up	mop	mop up
wish	dream	hope	yearn
dream	daydream
long	yearn
moon	daydream
moon	moon around	moon on
wish	care	like	please
wish	wish well
wish	bid
seek	bid
invite	bid
pay for	invite
invite	ask in
withdraw	retire	retreat	move back	pull back	pull away	draw back	recede
retire	adjourn
retract	pull back	draw back
retract	draw in
pull	pull in	attract	draw in
draw in	curl	curl up
close in	draw in
loop	coil	curl
retreat	retrograde
retreat	back away	pull back	back out
withdraw	disengage
wolf	wolf down
work on	work at
worship	idolize	revere
wrap	drape
wrap	fold
hide	wrap	cove
hide	hide out
hide	shroud
hide	blot out	obliterate	obscure	veil
tie	wrap	fast
wrap	wrap up
wreck	bust up
wring out	squeeze out
write on	write about	write of
yank	jerk
jerk	twitch
yawn	gape
yell	scream	shout
say	speak	shout	answer
answer	reply
reply	answer	respond
answer	reply	guess
talk	speak
say	talk
say	talk	call
call	phone
phone	call	dial
turn	rotate	flip	set	spin	switch	flick	dial	steer
flick	flicker
point	steer
rotate	turn	twist	screw	unscrew	spin
set	plot
plot	connive	intrigue	scheme
plot	diagram
turn	change state
twist	wrestle	squirm	worm	wriggle	writhe
yell	scream	shout	howl
yell	scream	growl	roar
roar	thunder
say	talk	ask	yell
ask	inquire	enquire
say	talk	speak	call	utter
call	summon
say	talk	speak	utter	proclaim	maybe
yell	scream	shout	howl	cry
howl	wail	roar
bellow	roar
howl	yowl
wail	mewl	whimper
yelp	yap
zap	vaporize
zap	microwave	nuke
zero	zero in
zip	zip up	zipper
zip	hurry	speed
zoom	zoom along
abandon	desert	desolate	forsake
absorb	engage	engross	involve	occupy
accompany	play along
accompany	companion	company	keep company
acquire	grow	develop	produce
win	acquire	gain
learn	acquire
act	act as
act	criticize
act	pretend
add	modify	qualify
change	alter	modify
change	alter	narrow	narrow down	specialize	vary
add	include
add	string	string up
add	button
add	add together	foot	foot up
add	append	supply
address	direct	instrument
adjust	align	line up	true	true up
adjust	adapt	conform	square
advance	bring forward	nose
call up	bring forward
advise	advocate	propose	recommend	suggest	urge
hint	suggest
affirm	support	confirm	corroborate	document	substantiate	sustain
support	subscribe
defend	support	fend for
affirm	claim
affirm	confirm	reassert
okay	approve	confirm	sanction
aid	help	assist	alleviate	ease	facilitate
help	aid	benefit	do good
help	help oneself
aim	propose	purport	purpose
aim	calculate	direct
air	vent	air out	ventilate
vent	give vent	ventilate
air	bare	publicize
alter	neuter
alter	falsify
angle	slant	weight
answer	resolve
apologise	apologize	excuse	justify	rationalize
excuse	beg off
excuse	condone
apply	lend oneself
approach	come on	come near	draw close	draw near	go up	near
approach	border on
approach	go about	set about
argue	reason
argue	indicate
indicate	suggest
argue	fence	contend	debate	dispute	quarrel	scrap
argue	fence	contend	debate	oppose
arm	build up	fortify
arouse	brace	stimulate	energize	perk up
arouse	invoke	stir	bring up	call down	call forth	conjure	conjure up	evoke	put forward
invoke	appeal
attract	appeal
arrest	turn back	hold back	contain
arrest	halt
ascend	go up
ascend	move up
ask	expect	require
command	require
assemble	gather	get together
pull	gather
pull	commit	perpetrate
commit	consecrate	dedicate	devote
bless	consecrate	hallow	sanctify
search	look for	seek	gather
look for	look to	anticipate
attach to	come with	accompany	go with	rule
attack	assault	assail	lash out	round	snipe
attack	assault	assail	set on	rush
attack	assail	pelt	pepper
attack	assail	gas
pour	pelt	sheet	stream
attack	assail	invade	occupy
attack	assail	beleaguer	besiege	circumvent	hem in	surround
attack	assail	bomb	bombard
fence	fence in	surround	wall
attempt	set about	undertake
attend	attend to	serve	wait on	assist
service	serve
avoid	annul	invalidate	nullify	quash	void
back	back up
back	support	endorse	guarantee	plump for	plunk for	warrant
back	second	endorse
back	punt	stake	bet on	game
back up	clog	choke	choke off	clog up	congest	foul
clog	clot
clog	overload
defile	foul
back up	back down	back off
back up	support	sponsor
banish	bar	relegate
baste	tack
hang on	append	tack	tack on	tag on
hold on	hang on	hang in	persevere	persist
hold on	hang on	hold the line
be	exist	was
be	equal	was
be	correspond	equal	represent	stand for
be	belong	go
compare	go
compare	equate	liken
be	exist	flow
be	distribute	exist
bear	crop	turn out
bear	fruit	turn out
beat	beat up	work over
beat up	drum up	rally
beat	scramble	cream
beat	drum
bend	turn away	deflect
distract	deflect
parry	deflect
bend	crook	curve	flex
bend	arc	arch	curve	flex
bend	double	double over	double up	flex
bestow	confer	graduate
bestow	bring	add	lend	contribute	factor	impart
kick in	chip in	contribute
kick in	kick down
bet	calculate	depend	reckon
betray	deceive	impersonate	lead astray	pose
put	place	lay	set	pose	position
betray	deceive	lead astray	lead by the nose	play false	snow
bind	bandage
tie up	bind	tie down	truss
tie up	moor	berth
moor	berth	wharf
tie up	bind off
bite	prick	sting
blast	shell
emerge	shell
bleed	flow	hemorrhage	shed blood
bleed	leech
blind	dim
block	forget	blank out	draw a blank	slip
block	jam
block	blockade	embarrass	hinder	obstruct	stymie
blow	blow out	burn out
blow	boast	bluster	brag	gas	shoot a line	tout
blow	shove off	shove along
blow	suck	go down on
blow	waste	squander
blow	screw up	ball up	botch	botch up	bumble	bungle	fluff	foul up	fuck up	fumble	louse up	mess up	mishandle	muck up	spoil
indulge	baby	coddle	pamper	spoil
mess	mess up
blow up	enlarge	magnify
blow up	inflate	amplify	expand
blow up	dramatize	embellish	embroider	lard	pad
trudge	tramp	pad	plod	slog
slug	swig	slog
quaff	gulp	swig
slug	idle	stagnate
blow up	combust	blow a fuse	fly off the handle	go ballistic	have a fit	hit the ceiling	hit the roof	throw a fit
board	room
boast	feature	sport
cavort	gambol	run around	frisk	frolic	lark	lark about	romp	sport
book	reserve
book	fine	ticket
boost	advance	encourage	further	promote
boot	reboot	bring up
bother	get to	annoy	chafe	devil	get at	gravel	irritate	nettle	rag	rile	vex
put out	bother	inconvenience	trouble
bother	inconvenience oneself	trouble	trouble oneself
bounce	bound	spring	rebound	recoil	reverberate	ricochet	take a hop
kick	kick back	recoil
bound	throttle	confine	gate	limit	restrain	restrict
bound	throttle	confine	harness	limit	rein	restrain	restrict	rule
strangle	throttle
bound	border
bow	accede	defer	give in	submit
bow	crouch	bend	stoop
brace	guy	stabilize	steady
brand	post
brand	trademark
break	split up	come apart	fall apart	separate
break	bust
break	offend	breach	conflict	go against	infringe	violate
bust	raid
open	open up	breach	gap
open up	pioneer
shock	offend	appall	outrage
rape	ravish	assault	dishonor	outrage	violate
tear	snap	bust	rupture
bust	fall apart	wear out
break	crack
crack	break through
break through	come through
crack	snap
snap	click
click	tick
click	chatter
click	clack	cluck
break	interrupt
break	break down	die	give out	crash	fail	give way	go	go bad	go down
break	smash	ruin	bankrupt
break	split	part	split up	break up	disjoint	dissociate	divorce	separate
split	burst	break open
break down	take apart	dissect	analyze
break down	lose it
break down	collapse	crumble	crumple	tumble
crumble	fall apart
crumple	buckle
crumple	knit	pucker	rumple
get onto	catch on	cotton on	get it	get wise	latch on	tumble	twig
break off	cut off	chip
cut off	amputate
break off	chip	come off	break away	chip off
break off	snap off
chip	nick
break out	erupt
break through	come out	push through	erupt
burst	erupt
break up	dissolve	resolve
collapse	break up	crack up	crock up
melt	thaw	dissolve
melt	mellow	mellow out
melt	meld
melt	fade
break up	break apart	crash
cut off	break up	disrupt	interrupt
chop off	cut off
cut off	cut out
cut out	scratch out
break up	dispel	disperse	dissipate	scatter
dust	sprinkle	disperse	dot	scatter
fool	dissipate	fool away	fritter	fritter away
sprinkle	splash	salt
breathe out	exhale	expire
exhale	emanate	give forth
bring	fetch	get	convey
bring	work	make for	wreak
bring	fetch	bring in
bring to	bring back	bring around	bring round
browse	surf
browse	graze	range	crop	pasture
browse	shop
build	build up	progress	work up
build	establish
bullshit	bull	fake
burn	combust
burn	bite	sting
burn	fire	burn down
burn	glow
burn down	burn up	go up
burst	explode
burst	abound	bristle
bury	forget
bury	sink
buy in	stock	stock up
sprout	stock
call	send for
call	call in	visit
inspect	visit
inspect	scrutinize	audit
visit	bring down	impose	inflict
charge	bill	impose	levy
chat	visit	chatter	chew the fat	chitchat	gossip	jaw	shoot the breeze
chew	masticate	jaw
call	name	refer
call	name	entitle	title
call	name	term
style	title
call for	request	quest	reserve
call for	invite
call for	request	desire	quest
call for	request	claim	lay claim	quest
call up	mobilize	rally
calm	sedate
calm	steady
settle down	calm	calm down	chill out	cool it	cool off	simmer down
cancel	invalidate
cancel	strike down
delete	cancel
capture	enchant	trance	beguile	bewitch	captivate	charm	enamor	entrance	fascinate
care	worry
distract	disorder	disquiet	perturb	trouble	unhinge	vex	worry
disarray	disorder
carry	convey	express
carry	shoulder	transport
ravish	enchant	delight	enthrall	transport
carry	transmit	channel	conduct	convey	impart
carry on	proceed	continue	go on
carry on	act up
carry on	deal	conduct
deal	share	portion out
carry on	preserve	continue	bear on	uphold
keep up	preserve	conserve	maintain
keep up	keep abreast
proceed	continue	go forward
wield	exert	maintain
carry out	put through	follow out	follow through	follow up	go through	implement
carry out	accomplish	action	carry through	execute	fulfill
cast	tramp	drift	range	swan	wander	ramble	roam	rove	stray
drift	err	stray
drift	freewheel
range	straddle
catch	get	capture
catch	hitch
get	catch	arrest
hitch	hobble	limp
catch	capture	bag
stick out	bag	bulge	jut	jut out	project	protrude
jump	jump out	leap out	stick out	stand out
jump	leap	jump off
jump	skip	skip over	pass over
leap out	burst forth	rush out
explode	break loose	burst forth
move through	pass across	pass over	pass through	transit
pocket	bag
pack	bag
skip	bound off
catch out	find out
caution	admonish
challenge	dare	defy
challenge	appeal	take exception
challenge	action	litigate	process	sue
march	process
change	exchange	convert	commute
switch	exchange	switch over
replace	exchange	interchange	substitute
change	exchange	interchange
stand in	fill in	sub	substitute
step in	substitute
trade	swap	switch
change	transfer
charge	saddle	burden	deluge	flood out	overwhelm
drown	submerge	drowned	overwhelm
submerge	deluge	inundate
charge	file	lodge
file	file away
charge	assess	bill
tear	charge	buck	shoot down
hitch	jerk	buck
hitch	hitchhike	thumb
tear	pluck
pick	pluck	cull
pick	blame	find fault
pick	clean
clean	clean house
clean	cleanse
charge	appoint	assign	delegate	designate
chase	furrow
chase	chase after	dog	give chase	go after	tag	tail	track	trail
dock	bob	tail
curtsy	bob
cheat	chisel	job
cheat	betray	wander	cheat on
employ	engage	farm out	hire	job	subcontract
engage	plight
rip off	cheat	chisel
wind	thread	weave	wander	meander
check	see	control	ascertain	assure	ensure	insure	proof	proofread	see to it
check	see	control	ascertain	assure	card	ensure	insure	see to it
check	look into	check out	check into	check over	check up on	go over
fall over	go over
run down	check out
run down	run over
run over	brim over	overflow	overrun	well over
spill over	bubble over	overflow
pour out	spill out	spill over
check	check off	mark	mark off	tick	tick off
check	fit	tally	match	agree	consist	correspond	gibe
check	fit	tally	match	agree	correspond	gibe	parallel
check	fit	tally	match	agree	correspond	gibe	square
check	fit	tally	match	agree	correspond	gibe	pattern
fit	equip	fit out	outfit	stock
fit	equip	fit out	instrument	outfit
fit	equip	appoint	fit out	outfit
fit	equip	fit out	outfit	wire
fit in	harmonize	accord	agree	blend	blend in	consort	go
fit	go	joint
mix in	blend in
paddle	feather	square
paddle	dabble	splash around
paddle	totter	waddle
paddle	spank
row	feather	square
scoff	flout	gibe	jeer
score	tally	rack up
suit	agree
suit	befit
cheer	cheers	exhort	inspire	pep up	root on	urge	urge on
inhale	breathe in	inspire
press	exhort	hurry	rush	urge	urge on
press	advocate	exhort	preach	urge	urge on
run	rush
cheer	cheer up	cheers	jolly along	jolly up
cheer	cheers	embolden	hearten	recreate
choose	opt	prefer
chuck	ditch
dump	ditch
dump	plunge
pat	chuck
pat	dab
chuck out	eject	boot out	exclude	turf out	turn out
circle	encircle
circle	circulate
clap	applaud	acclaim	spat
clean up	tidy	tidy up	square away	straighten	straighten out
clear	pass	authorize	declare
clear	pass	authorize	commission
clear	light up	clear up	brighten
clear out	clean out
clear up	enlighten	sort out	crystallize	elucidate	illuminate	shed light on	straighten out
clear up	clarify	dilate	elaborate	elucidate	enlarge	expand	expound	flesh out
cleave	adhere	cling
stand by	adhere	stick by
stick	stick to	bind	adhere	bond	hold fast
stick to	stick with
click	get across	get through	penetrate	come home	dawn	fall into place	sink in
penetrate	infiltrate
climax	crown	culminate	top
complete	finish	top	top off
dispatch	complete	discharge
climb	rise	go up
climb	mount	wax
full	wax
climb	mount	climb up	go up
climb up	ascend
climb down	alight
clip	curtail	cut short
clip	nip	snip	nip off	snip off
jog	clip	trot
close	fold	close up	shut down	close down
fold	pen up
close	conclude
close up	jam	impede	obstruct
shut up	close up	be quiet	belt up	button up	clam up	dummy up	keep mum
shut up	put away	lock away	lock in	lock up	shut away
collapse	fall in	cave in	founder	give way
trip	founder	stumble
trip	trip up
trip	travel	jaunt
set off	activate	trip	spark	spark off	touch off	trigger	trigger off
travel	cruise	journey
look	search	cruise
search	research	explore
trip up	slip up	stumble
collect	pull together	club	garner	gather
collect	pull together	garner	gather	nut
color	colour	blanch	discolor	pale
color	colour	discolor	silver
color	colour	brown	color in
color	colour	color in	silver
color	colour	color in	gray
color	colour	discolor	gray
color	colour	discolor	yellow
color	colour	discolor	tone
color	colour	color in	tone
color	colour	discolor	green
color	colour	blue	discolor
color	colour	distort	tinge
color	colour	emblazon
color	colour	gloss
comb	comb out	disentangle
combine	compound	incorporate	integrate
combine	aggregate
mix	combine	blend	coalesce	conflate	flux	fuse	meld	merge
mix	integrate
mix	mix in
mix	mingle	unify
combine	unite
come	total	add up	amount	average	average out	number
come after	succeed
come down	sicken
come down	reduce	boil down
scale down	reduce
come off	go off	go over
come on	come up	go on
come out	appear
do	perform	appear	execute
come out	emerge	come forth	go forth	issue
come out	fall out
come out	turn out
come over	come across
come through	get through
come through	make it	pull round	pull through	survive
come up	arise	bob up
get up	stand up	rise	arise
stand up	place upright
stand	stand up
stand	remain firm
command	control	corner
tree	corner
command	control	dominate	master
command	control	charm
command	dominate	overlook
command	control	govern	rule
commit	confide	entrust	trust
lend	loan	trust
commit	practice
compile	compose
complete	nail
connect	link	tie in	associate	identify	link up	relate
connect	link	tie in	associate	have in mind	link up	mean	relate	think of
hatch	concoct	dream up	think of	think up
hatch	brood	incubate
connect	join	link	link up	unite
link	yoke
construct	reconstruct	retrace
rebuild	reconstruct
restore	reconstruct
construct	fabricate	manufacture
consult	confer
consume	waste	squander	ware
waste	devastate	desolate	lay waste to	ravage	scourge
continue	persist in
stay	continue	stay on	remain
control	handle	keep in line	manipulate
verify	control
convert	change over
cook	brown
cook	cooked	fake	falsify	fudge	manipulate	misrepresent
cool	cool down	cool off
cool	cool down	chill	ice
copulate	couple	mate	pair
costume	dress up
count	enumerate	number
keep down	number
count	consider	weigh
count	weigh	matter
press	weigh
count on	allow	calculate	estimate	figure	forecast	reckon	take into account
cover	deal	address	handle	plow	treat
respond	react	treat
respond	accept	consent	go for	react
touch	handle	palm
cover	grass	grass over	spread over
graze	crop	grass	pasture
cover	cake	coat	spread over
cover	embrace	comprehend	encompass
cross	traverse	cover	cut through	get over	get across	course	cut across	pass over	track
cross	intersect
cross	baffle	disappoint	foil	frustrate	let down	queer	scotch	spoil	thwart
cross	traverse	sweep	span
get over	bounce back	get well
hug	embrace	bosom
wipe	pass over
cover	extend	continue	ridge
crawl in	turn in	retire	bed	go to bed	go to sleep	hit the hay	hit the sack	sack out
crease	furrow	wrinkle
crease	scrunch	crinkle	crisp	scrunch up	wrinkle
toast	crisp
credit	believe
credit	accredit
credit	finance
crumble	decay	weather
crumple	crease	crinkle	rumple	wrinkle
crunch	grind	mash
crush	beat	vanquish	beat out	eliminate	shell
crush	beat	vanquish	beat out	get the best	have the best	overcome	shell
crush	beat	vanquish	beat out	overpower	overwhelm	shell
smash	demolish	crush
smash	smash up	bang up
tap out	beat out	thump out
crush	jam
crush	oppress	suppress
crush out	press out	extinguish	stub out
cry	weep
cut	reduce	shorten	abbreviate	concentrate	condense	contract	digest
thin	reduce	dilute	thin out
thin	reduce	lose weight	melt off	slim	slim down
cut	cut down	trim	reduce	bring down	cut back	trim back	trim down
cut	curve	sheer	slew	swerve	trend	veer
cut	hack
hack	hack on
slash	cut down
strap	lash	slash	whip	flog	lather	welt
slash	gash
whip	mop up	rack up	worst
polish off	wrap up	mop up	clear up	get through	finish off	finish up
get through	while away
whip	whisk
whip	blister	scald
wind up	finish	end up	fetch up	finish up	land up
cut	prune	rationalize
cut down	cut out
cut down	mow
mop	mow	pout
cut up	mangle	mutilate
date	go out	go steady
deal	administer	allot	deal out	dish out	dispense	distribute	dole out	lot	mete out	parcel out	shell out
spread	distribute	export
deal	care	handle	manage	process
deal	care	direct	handle	manage
deal	make out	contend	cope	get by	grapple	make do	manage
fight	contend	struggle	war
fight	box	contend	struggle
grip	grapple
grip	fascinate	spellbind	transfix
hypnotise	hypnotize	entrance	mesmerize	spellbind
debark	disembark	set down
decimate	carry off	annihilate	eliminate	eradicate	extinguish	wipe out
sweep away	wipe out
erase	wipe out
sweep off	sweep away
uproot	eradicate	exterminate	root out
wipe off	erase	rub out	score out
erase	delete
delete	edit
decrease	circumscribe	confine	lessen	limit
defend	guard
fight	defend	fight back	fight down	oppose
defend	champion
defend	represent
define	delineate	determine	specify
deliver	have	bear	birth	give birth	twin
deliver	return	render
deliver	turn in	hand over	fork out	fork over	fork up	render
rescue	deliver
deliver	deport	extradite
depart	go	go away
depart	deviate	diverge	vary
get	become	go
motley	variegate	vary
turn	become
suit	become
depart	sidetrack	straggle
deposit	posit	situate
descend	fall	come down	correct	decline	go down	slump
descend	fall	come down	crash	go down
descend	derive
descend	condescend
fall	come down	precipitate	rain	rain down
fall	come down	precipitate	snow
stoop	condescend	lower oneself
describe	name	key	distinguish	identify	key out
list	name
diagnose	name
list	index
describe	report	account
describe	draw	depict	represent
draw	thread	string	wire
design	plan	engineer
design	plan	concert	contrive	project
invent	contrive	devise	forge	formulate
plan	project	propose
plan	scheme
design	plan	blueprint	draft
destroy	do away with	eliminate	extinguish	get rid of
destroy	ruin
destroy	demolish
devour	pig	raven
devour	consume	down	go through
down	shoot down
kill	defeat	shoot down	vote down	vote out
kill	stamp out
diffuse	penetrate	riddle	imbue	permeate	pervade
dig	grasp	apprehend	compass	comprehend	figure	get the picture	savvy
dig	turn over	cut into	delve
turn over	flip over
turn over	consider	debate	deliberate	moot
discuss	debate	deliberate	hash out	talk over
think	consider	believe	conceive
dig	excavate	hollow
dig	dig up	dig out
dig	grind	fag	labor	toil	travail
dig into	poke into	probe
dig up	turn up	excavate
dip	dunk	douse	plunge
dip	dim
discharge	acquit	exonerate
discover	attain	chance on	chance upon	come across	come upon	fall upon	happen upon	light upon
dislocate	slip	splay
dismiss	dissolve
dismiss	usher out
display	expose	exhibit	bring forth	produce
display	expose	exhibit	bench
display	expose	exhibit	model
show	present	exhibit	demo	demonstrate
uncover	expose
disturb	interrupt
divide	partition	separate	zone
divide	fraction	quarter
do	act	behave
do	perform	execute	practice	rehearse
perform	church
perform	conduct
use	apply	practice
do	exercise	practice
douse	duck
douse	put out
drape	cloak	clothe	robe
draw	delineate	outline
draw	rule
trace	describe	draw	line	delineate
trace	retrace
draw	project
draw up	compose	frame
pull up	draw up	haul up
pull up	draw up	straighten up
dress	plume	preen
dress	dress out
dress	trim	garnish
dress	dress up
dress	groom	curry
dress	apparel	clothe	fit out	garb	garment	jacket
dress	apparel	clothe	fit out	garb	garment	shirt
dress	apparel	clothe	fit out	garb	garment	habit
dress	apparel	clothe	coat	fit out	garb	garment
drill	exercise	practice
drill in	hammer in	beat in	ram down
drink	drink in
drink	imbibe
drink	booze	tank
drink	booze	wine
drink	salute	toast	pledge
drive	push back	repel	beat back	force back	repulse
drive	force	ram
ram	crash
pass	crash	go across	go through
pass	go across	go through	muscle
pass	cycle	go across	go through
drive away	drive out	run off	turn back	dispel	drive off	chase away
run off	elope
run off	waste
knock off	waste	do in	liquidate	neutralize
knock off	shave
hook	knock off	glom	cop	snitch
run off	photocopy
toss off	fling off	knock off	scratch off	dash off
toss off	down	drink down	pour down	belt down	bolt down
gobble up	shovel in	bolt down	garbage down
drive out	clear out
drop	spend	afford	expend
give	yield	afford
drop	cut down	fell	strike down	log	lumber
drop	drop down	sink	droop	flag	sag
drop	decline
drop off	drop away	fall away	slip
escape	get away	break loose	slip
drop off	fall back	fall behind	recede
drug	base
duck	dodge	parry	circumvent	elude	evade	fudge	hedge	put off	sidestep	skirt
duplicate	repeat	replicate	double
duplicate	parallel	twin
match	couple	mate	pair	twin
match	equal	rival
earn	garner	letter
eat	corrode	rust
eat	consume	run through	deplete	eat up	exhaust	use up	wipe out
take	occupy	use up
eat	feed
eat	eat on
echo	repeat
ring	echo	resound	reverberate
phone	call	telephone	ring	call up
ring	border	skirt	surround
smother	surround
smother	suffocate
yell	scream	shout	cry	call	holler	shout out	squall
holler	squawk	beef	bitch	crab	gripe	grouse
shout	cry	call out	cry out	exclaim	ooh	outcry
proclaim	declare	exclaim	promulgate
proclaim	predicate
proclaim	exalt	extol	glorify	laud
shout	abuse
embark	ship
embark	venture
embrace	sweep up	adopt	espouse
empty	evacuate	void
empty	discharge
empty	abandon	vacate
enable	empower	endow	gift	invest
fit	equip	adorn	clothe	fit out	invest	outfit
fit	equip	commission	fit out	outfit
fit	match	balance
enchant	bewitch	jinx	spell	witch
end	conclude	terminate
engulf	soak up	absorb	engross	immerse	plunge	steep
enter	put down	record	post
enter	put down	record	document
enter	put down	record	log
list	post
stake	post
put up	post
stake	impale
enter	inscribe	recruit	draft	enlist	enroll	muster in
enter	put down	record	film
enter	put down	record	register
file	register
enter	inscribe	recruit	enroll	register
enter	figure
inscribe	autograph
inscribe	code	encrypt	write in code
record	tape
recruit	levy
escape	miss
escape	elude
run	run away	escape	scat	break away	bunk	fly the coop	turn tail
examine	study	analyze	canvas	canvass
study	major
examine	probe
examine	see
examine	test	try	essay	prove	try out
test	screen
quiz	test
sort	screen	screen out	sieve
screen	block out
mask	block out
riddle	screen
shield	screen
sift	rice	sieve	strain
tense	strain	tense up
rub	puree	strain
rub	worry
rub	scratch	chafe	fray	fret
scratch	scrape	scratch up
rub	scratch	itch
itch	spoil
scrape	genuflect	kowtow
scrub	scratch	cancel	call off
scratch	excise
scratch	scrape	come up	scrape up
scrape	skin
scratch	inscribe	grave	character	engrave
skin	bark
peel	skin	pare
peel	peel off	flake	flake off
trim	pare
undress	strip	disrobe	peel	strip down
strip	leach
strip	bare
strip	ransack	foray	loot	pillage	plunder	rifle
ransack	comb
rape	plunder	spoil	violate
search	go	rifle
strip	undress	divest
excite	stimulate	shake	stir	animate	enliven	exalt	inspire	invigorate	shake up
excuse	explain
exhibit	march	parade
troop	parade	promenade
exit	die	pass	drop dead	buy the farm	choke	croak	decease	expire	kick the bucket	pass away	perish	pop off	snuff it
throttle	choke
explode	detonate	set off	blow up
set off	cancel	offset
exploit	work
exploit	overwork
expose	compromise	endanger	peril	queer
extend	widen	broaden
extend	reach out	poke out
unfold	extend	stretch	stretch out
stretch	elongate
extract	distill
extract	draw out	elicit	evoke
suck out	draw out
face	face up	confront
face	breast	confront	front
look	face	confront	front
fall	decrease	diminish	ease off	ease up	flag	lessen	slacken off
fall	decrease	contract	diminish	lessen	shrink
fall	decrease	decline	diminish	go down	lessen	wane
fall	fall down
hang	fall	flow
flood	flow
hang	attend	advert	give ear	pay heed
fall off	fall away
fasten	tighten	firm
fasten	secure	fix
secure	assure	ensure	guarantee	insure
plug	secure	stop up
plug	plug away
punch	plug
punch	perforate
penetrate	perforate
secure	batten	batten down
fate	designate	destine	doom
plan	designate	destine	intend	specify
feed	feed in
feel	find
feel	sense
smell	sense	smell out
feel	congratulate	experience	plume	pride
feel	anger	experience	see red
feel	experience	suffer
feel	experience	joy	rejoice
feign	pretend	affect	mouth	sham
strike	impress	affect
hit	strike	run into	bottom	collide with	impinge on
impress	wow
impress	ingrain	instill
impress	imprint
penetrate	bottom	fathom
print	impress	letter
print	impress	prove
touch	mouth
touch	stir
feign	assume	sham	simulate
fell	vanish
fiddle	monkey	tamper
mess around	monkey	monkey around	muck about	muck around	potter	putter	tinker
fight off	repel	drive back	rebuff	repulse
repel	rebuff	snub
repel	gross out	disgust	revolt
gross out	freak	freak out
fill	fill up	make full	prime
fill	meet	fulfill	satisfy
fit	meet	conform to	fulfill	live up to	satisfy
match	meet	cope with
fill	crowd	occupy
fill in	make out	fill out	complete
fill out	round out
fill out	eke out
fill out	pad
fill out	fat	fatten	fatten out	fatten up	flesh out	plump	plump out
squeeze out	eke out
fill out	flesh out	round
find	find out	ascertain	determine	sequence
find	see	seen	witness
find	retrieve	access	recover	regain
return	turn back	go back	recover	recuperate	regress	revert
recycle	reclaim	recover	reprocess	reuse
reform	reclaim	rectify	regenerate
reform	see the light	straighten out
restore	regenerate	rejuvenate
see	image	envision	fancy	figure	picture	project	visualize
see	view	consider	expect	reckon	regard
find	discover	detect	observe	notice
find	bump	chance	encounter	happen
finger	thumb
fire	discharge	go off
fire	kindle	raise	arouse	anger	elicit	evoke	provoke
fire	kindle	raise	arouse	elicit	evoke	provoke	shame
fire	kindle	raise	arouse	elicit	evoke	interest	provoke
molest	plague	beset	harass	harry	hassle	provoke
fire	dismiss	force out	can	send away	displace	give notice	give the sack	sack	terminate
move	displace
notify	advise	give notice	send word
proceed	move	go
move	be active
proceed	keep	continue	go along	go on
rouse	drive out	force out	rout out
force out	crowd out
force out	evict
fish	angle
fix	repair	mend	restore	touch on	bushel	doctor	sole
mend	heal
heal	bring around	cure
repair	compensate
restore	reestablish	reinstate
fix	pay back	pay off
fix up	arrange
flash	flaunt	show off
flick	jerk
flick	ruffle
mix	ruffle	shuffle
flip	switch	throw
flip	flick	leaf	riff	thumb
flip	twitch
pinch	nip	tweet	twinge	twitch
pinch	crimp
pinch	swipe	filch	hook	abstract	purloin	sneak	cabbage
sneak	slip
throw	cast	contrive	project
toss	pitch	flip	sky
pitch	lurch
pitch	peddle	hawk	vend
toss	chuck
toss	slash	convulse	thrash	thrash about
slam	slam dance	thrash
lick	bat	clobber	cream	thrash
lick	work	solve	figure out	puzzle out	work out
lick	lap	lap up
slam	flap down
toss	fling	discard	throw away	toss away	throw out	toss out	cast away	cast out	put away	chuck out	cast aside	dispose
put away	imprison	incarcerate	jail	jug	lag	remand
put away	put to sleep
put away	tuck away	tuck in
put away	put aside
throw out	boot out	drum out	expel	kick out	oust
flirt	butterfly	romance	chat up	mash
flood	glut
flush	scour	purge
vomit	barf	puke	retch	chuck	throw up	cat	honk	spew	upchuck	be sick	purge	sick	vomit up
flush	level	even	even out	grade
fly	wing	flight
fly	pilot	jet
fly	flee	take flight	defect	desert
leave	desert	go away	go forth
leave	leave alone	leave behind
leave	exit	get out	go out
fold	turn up	fold up
follow	pursue
pursue	go after	quest after	quest for
pursue	act on	follow up on
follow	come
fool	fool around	arse around	horse around
fool around	play around
play around	dabble
force	impel
force out	eject	squeeze out	squirt
format	arrange
free	release	unblock
free	dislodge
free	release	give up	resign	relinquish
give up	resign	vacate	renounce
free	rid
free	release	liberate	loose
liberate	set free
put out	release	bring out	issue	publish
put under	put out	freeze
free	discharge
free	relieve	exempt	forgive
fuck	screw	bang	hump	know	love	make out	sleep with	make love	have sex	be intimate	bed	do it	fucking	get it on	have a go at it	have intercourse	have it away	have it off	jazz	lie with	roll in the hay	sleep together
screw	drive in
screw	cheat	jockey	shaft
gag	strangle	choke	suffocate
get	let	have
get	obtain	incur	receive
get	come	arrive
get in	make it	arrive	go far
obtain	prevail
rent	lease	let
rent	lease	engage	charter	hire
get	make	have	stimulate	cause	decide	induce
get	make	have	stimulate	cause	encourage	induce
get	make	have	stimulate	cause	induce	inspire	instigate	prompt
stimulate	hasten	induce	rush
get down	cast down	chill	deject	demoralize	depress	dismay	dispirit
scare	frighten	alarm	appall	dismay	fright	horrify
warn	alarm	alert
warn	admonish	discourage
get in	move in	pull in	draw in
pull in	collect
pick up	call for	collect	gather up
get off	get out	escape	get away	get by
get off	send	send off
send	commit	charge	institutionalize
send	broadcast	transmit	air	beam
turn on	rouse	charge	excite	agitate	charge up
load	charge
load	stretch	debase	dilute	doctor	doctor up	sophisticate
turn on	wind up	excite	sex
get off	turn on	trip	trip out
get off	mail
get off	hop out
get off	light	get down	dismount
swallow	get down
swallow	bury	eat up	immerse	swallow up
get on	advance	come on	come along	get along	progress	shape up
get on	be on
get on	climb on	jump on	mount	hop on	mount up
get on	board
get on	get along	get along with	get on with
get out	get around
get out	bring out
get over	master	overcome	subdue	surmount
scale	surmount
sweep over	overcome	overpower	overtake	overwhelm
tame	subdue
get up	arise	turn out
get up	attire	deck out	deck up	dress up	fancy up	fig out	fig up	rig out	trick out	trick up
get up	work up
get up	organize	organise	devise	prepare
ghost	haunt	haunting	obsess
give	pay	devote
give	quote
give	feed	corn
give	feed	lunch
give	feed	breakfast
give	cater	ply	provide	supply
give	furnish	provide	render	supply
put up	provide
return	yield	generate	render
give	hold	have
hold	take for	deem	view as
give	hand	pass	turn over	pass on
turn over	knock over	tip over	upset	bowl over	overturn
roll	turn over
give out	pass out	distribute	hand out
pass out	black out
run out	give out	fail
run down	run out	peter out	poop out
run down	skim	scan	rake	glance over
rake	crease	graze
run down	exhaust	play out	sap	tire
release	eject	discharge	exhaust	expel
release	secrete
skip	skim	skitter
give up	abandon
kick	give up
give up	surrender	cede
give up	part with	spare	dispense with
grab	seize
grab	catch	net	take hold of
grab	snap up
grant	yield	concede	forgive
grant	accord	allot
grant	yield	cede	concede
yield	relent	soften
move over	yield	ease up	give way
grant	allow
grant	award
greet	receive	recognize	welcome
see	view	consider	receive	reckon	regard
see	view	consider	include	reckon	regard
see	view	consider	like	reckon	regard
grow	culture
grow	mature
grow	twin
grow	boom	expand	flourish	thrive
grow	branch
grow	expand	spread out
wave	brandish	flourish
growl	grumble	rumble
grumble	croak	gnarl	murmur	mutter
guess	infer
guess	approximate	assess	estimate	gauge	judge
guess	pretend	hazard	surmise	suspect	venture
pretend	make believe
pretend	profess
hail	acclaim	herald
halt	staunch	stem
harmonize	chord
harmonize	reconcile
harmonize	proportion
harmonize	realize
haunt	frequent	haunting
haunt	stalk	haunting
have	experience	receive
have	possess	own
have	feature	imply	involve
head	head up
hear	try
listen	hear	take heed
try	try on
heat	heat up	hot up
screw up	heat up	hot up
hop up	hot up	soup up
heave	gag	retch	hove
heave	buckle	warp	hove
heave	heave up	heft	heft up	hove
heave	billow	hove	surge
inflate	balloon	billow
puff	heave	gasp	hove	pant
puff	puff up
soar	zoom	soar up	surge
soar	hang glide
help	serve
serve	dish	dish out	dish up	serve up
hit	shoot	grass
shoot	flight
shoot	blast	gun
shoot	film
shoot	flash	dart	dash	scoot
hit	strike	run into	collide with	glance	impinge on
hit	strike	come to
murder	hit	slay	dispatch	off	polish off	bump off
murder	mangle	mutilate
run into	run across	meet	come across	encounter
hit	make	reach	access	arrive at	attain	gain	get at
hit	make	reach	arrive at	attain	gain	peak	top out
hit	make	reach	arrive at	attain	breast	gain	summit
hit	make	reach	arrive at	attain	gain	top
pinch	tail	top
hit	make	reach	arrive at	attain	gain	ground
reach	reach out
throw	ground
throw	ridge
win	advance	gain	gain ground	get ahead	make headway	pull ahead
increase	gain	gather
increase	compound	deepen	heighten	intensify
set up	assemble	compound	piece	put together	tack	tack together
hold	bind	article	obligate	oblige
tie	bind	band
ring	band
hold	hold up	support	pole	sustain
hold	carry	bear	balance	poise
hold	entertain	nurse	harbor
shield	harbor
hold	check	hold in	control	contain	curb	moderate	restrict
tame	moderate	tone down
hold	hold up	brave	brave out	defy	endure	weather	withstand
lean	tip	angle	tilt	slant	weather
sail	weather
sail	cruise	navigate	voyage
pilot	navigate
tip	tiptoe
tap	tip
tap	exploit	mine
tap	bug	intercept	wiretap
knock	rap	tap	pink
knock	ping	pink
knock	criticize	pick apart
tap	beg	lobby	solicit
wobble	tilt	careen
wobble	shimmy
woo	court	romance	solicit
hold back	keep back	retain
hold in	conceal	hold back
keep back	reserve	withhold
set aside	allow	appropriate	earmark	reserve
leave	allow	allow for	provide
set aside	suspend
hold in	confine	enclose	frame
put	couch	frame
shut in	close in	case	encase	enclose
shut in	close in	border	enclose	frame	frame in
shut in	close in	enclose	glass	glass in
hold on	keep	store
keep	prevent
keep	keep on	continue	retain
hold out	put out	extend	stretch out	stretch forth
stretch out	crane
hold out	resist	stand firm	withstand
protest	resist	dissent
resist	fend
hold up	delay	detain
hold up	stick up
stand up	stick up
stand up	hold up	hold water
hold up	hold out	endure	last	live	live on	survive
hope	go for
take to	fancy	go for
hope	desire	trust
hurl	cast	crash	dash	hurtle
scare	dash	daunt	frighten away	frighten off	pall	scare away	scare off
hurl	cast	bowl	hurtle
hurl	thrust	lunge	hurtle
throw	hurl
hurt	ail	pain	trouble
hurt	anguish	pain
hurt	injure	wound	offend	bruise	spite
hurt	ache	suffer
yearn	ache	languish	pine	yen
hurt	ache	smart
ignite	combust	catch fire	erupt	take fire
imbibe	assimilate
increase	up
increase	appreciate
ingest	consume	take in	have
inquire	enquire	wonder
inquire	enquire	investigate
question	wonder
respond	marvel	react	wonder
insert	stick in	slip in	sneak in
put in	insert	stick in	enclose	glass	introduce
put in	insert	stick in	cup	enclose	introduce
put in	insert	stick in	enclose	introduce	slip
insert	tuck
put in	lay in	hive away	salt away	stack away	stash away	store
put in	break in	cut in	barge in	butt in	chime in	chisel in	disrupt	interrupt
say	tell	state	introduce	precede	preface	premise
say	tell	state	announce	declare
name	announce	identify
say	tell	state	explain
say	allege
say	suppose
say	read
read	scan
see	view	consider	identify	reckon	regard
slide	skid	slew	slid	slip
slide	slid	slither
state	posit	put forward	submit
tell	announce	foretell	harbinger	herald
think	guess	imagine	opine	reckon	suppose	suspect
think	conclude	reason	reason out
verify	affirm	swear	swan	assert	avow	declare
swear	depose
swear	bank	rely	trust
instal	set up	install	establish
instal	install	induct	invest	seat
instal	install	invest	vest
interpret	annotate	comment	gloss
interpret	profile	represent
interpret	mock up	model	represent
interpret	chart	graph	represent
play	act	represent
invent	make up	cook up	fabricate	manufacture
jam	ram	wad	cram
jam	pack	pile	mob	throng
pack	load down
join	conjoin
marry	wed	conjoin	espouse	get married	hook up with
marry	wed	splice
splice	piece
nibble	piece
patch	piece
join	bring together	fair
join	fall in	get together	unify	unite
keep	preserve	salt
keep	preserve	corn
keep	hold back	keep back	restrain
wait	hold off	hold back	delay
stay	delay	detain
keep apart	isolate	sequester	set apart
keep down	reduce	quash	repress	subdue	subjugate
smother	strangle	muffle	repress	stifle
put out	smother
stamp down	conquer	curb	inhibit	subdue	suppress
seize	capture	appropriate	conquer
strangle	cramp	halter	hamper
knead	massage	rub down
knock down	pull down	push down	cut down	down
knock down	dump	deck	floor
know	acknowledge	recognize
know	realize	recognize
know	get the hang	master
know	experience	live
see	perceive	realize	understand
see	appreciate	realize	take account	understand
kowtow	fawn	suck up
label	pronounce	convict	judge
label	pronounce	judge	qualify
try	adjudicate	judge
settle	adjudicate	decide	judge	resolve
settle	concert	determine	square off	square up
settle	compromise	determine	square off	square up
taste	sample	try	try out
taste	smack
land	bring
land	set down	beach
put down	place down	set down
put down	lay	repose
put down	land	bring down
put down	take down	degrade	demean	disgrace
pull down	take down	tear down	level	dismantle	raze
put down	set down	drop off	discharge	unload
put down	destroy
put down	get down	set down	write down
start	begin	get down	commence	set about	set out	start out
lay out	range	array	set out
start	begin	lead off	commence	inaugurate	introduce	usher in
take apart	break up	break apart	disassemble	dismantle
sever	break up
take apart	dismember
take off	set off	depart	start	part	set forth	set out	start out
part	divide	section	segment	separate
part	divide	joint	separate
set off	bring out
split	divide	split up	carve up	lot	separate
sort	sort out	assort	class	classify	isolate	separate
split	cleave
take off	lift off
take off	take time off
land	set ashore	shore
prop	prop up	shore	shore up
land	ground	strand
lay down	establish
lay out	set up
set up	arrange
put in	instal	set up	install
put in	submit
lay over	develop	superimpose
lead	head	chair	chairman
lead	head	captain
lead	result
run	lead	extend	pass	go
pass	fall out	come about	go on	hap	happen	occur	pass off	take place
move on	advance	go on	march on	pass on	progress	string	string along
pass	spend	soldier
pass	spend	weekend
pass	spend	holiday	vacation
put across	pass	acknowledge	communicate	pass along	pass on	receipt
put across	pass	communicate	message	pass along	pass on
pass	make it
pass	sink	lapse
run	feed	course	flow	gush	jet
run	feed	course	flow	stream	well out
throw out	advance
throw out	dismiss
transmit	communicate	convey
lead up	initiate
lean	list
list	heel
list	number
learn	con	memorize
learn	teach	instruct	reinforce	reward
learn	teach	ground	instruct
learn	teach	condition	instruct
let	allow	countenance	permit	tolerate
let	allow	countenance	favor	permit	privilege
let	allow	countenance	permit	trust
let go	release	let go of	relinquish
let in	admit	allow in
let in	admit	include	involve
let out	widen
level	level off
license	licence	accredit	certify	recognize
lift	vacate	annul	overturn	repeal	rescind	reverse	revoke
lift	raise	elevate	get up	bring up	shoulder
lift	rise	move up	come up	arise	go up
thrust	shoulder
lift	hoist	wind
run up	hoist
lift	rise	hulk	loom	predominate	rear	tower
put up	erect	set up	rear
rise	rise up	come up	surface	swell	well
rise	grow	arise	develop	originate	spring up
rise up	arise	rebel
rise up	rear
stand	stick out	put up	bear	support	abide	brook	digest	endure	stomach	suffer	tolerate
put up	can	tin
start	initiate	originate
start	embark on	start up	commence
surface	coat
turn up	come out	come on	surface	show up
light	light up	fire up
light	perch	alight
light	ignite
light	fall
listen	mind	heed
mind	beware
mind	bear in mind
locate	settle
settle	make up	patch up	reconcile
resign	reconcile	submit
settle	sink	founder	go down	go under
sink	subside
locate	base	situate
lock	operate	engage	mesh
lock	interlock
look	wait	await	expect
wait	waitress
look	see	attend	minister	take care
look	see	attend	take care	tend
mind	take care	tend
look at	consider	deal
look at	view
look back	review	retrospect
look on	esteem	look upon	regard as	repute	take to be	think of
look up	consult	refer
loosen	loose
loosen	tease	tease apart
untie	undo	loosen
unwrap	undo
loosen	relax
lower	frown	glower
lower	turn down
lower	depress
press down	depress
make	create	produce
make	do	cause	occasion
make	do	breed	cause	engender	spawn
make	build	construct	frame	frame up
make	fix	cook	ready	cooked	prepare
make	take in	clear	pull in	earn	bring in	gain	profit	realize	turn a profit
sell	realize
sell	deal	trade	market
make out	issue	write out
make out	do	fare	get along
make out	discern	distinguish	pick out	recognize	resolve	spot	tell apart
mark	differentiate	distinguish
mark	commemorate
mark	spot
mark	flag
mark	brand	denounce	stigmatize
record	commemorate	immortalize	memorialize
solve	resolve
make up	catch up with
make up	be	comprise	constitute	represent	was
map	represent
march	demonstrate
measure	appraise	assess	evaluate	rate	value
measure	appraise	assess	evaluate	praise	value
survey	appraise
survey	review	go over
refresh	brush up	review
refresh	freshen	freshen up
survey	canvas	canvass	poll
prune	dress	trim	clip	snip	crop	cut back	poll
think	evaluate	judge	pass judgment
measure	endure	last
meet	assemble	gather	group
meet	assemble	crowd	crowd together	gather
meet	assemble	club	gather
meet	celebrate	fete	get together
meet	breast	converge
melt	disappear	evaporate
move around	travel
name	advert	bring up	cite	mention	quote	refer
observe	note	mention	remark
note	mark	notice
observe	note	take note
observe	bird
observe	track
point out	comment	notice	remark
point out	call attention
point out	represent
present	lay out	represent
present	stage	represent
present	submit
present	pose
present	award
present	deliver
respond	acknowledge	notice	react
reply	answer	respond	field
stage	arrange	phase
take down	note
thank	acknowledge	recognize
name	appoint	constitute	nominate
nuzzle	nose
observe	abide by	celebrate	honor	respect
observe	keep	celebrate
watch	observe	follow	watch over	guard
protect	guard	ward
protect	charm
open	unfold	spread	grass	spread out
operate	maneuver
operate	control	gate
order	dictate	prescribe
order	district	govern	regulate	zone
place	order	range	grade	rank	rate	sequence
place	locate	site
order	commission
organize	organise	coordinate	structure
organize	organise	form
organize	organise	direct	engineer	mastermind	orchestrate
organize	organise	unionize
spring	form	take form	take shape
out	come out	come out of the closet
pack	wad	bundle	compact
press	compact	compress	constrict	contract
tighten	constrict	narrow
tighten	constrain	stiffen	tighten up
tighten	reduce
paint	ground	prime
tie	connect	link	ground	link up
tie	attach	bind	bond
seize	attach	confiscate	impound	sequester
pass	go by	go past	pass by	surpass	travel by
pass	legislate
pass	slide by	elapse	glide by	go along	go by	lapse	slip away	slip by
pay	pay up
pay	make up	compensate	pay off
pay	bear	yield
wear	bear
wear	wear down	wear off	wear out	wear thin
wear	hold out	endure
wear	don	put on	get into	assume	hat
put on	turn in
put on	apply	cream
put on	take in	fool	dupe	gull	kid	pull the leg of	put one across	put one over	slang
skim	cream	cream off	skim off
pay	prefer
peck	nag
peck	peck at	pick at
pedal	bicycle	bike	cycle	wheel
repeat	cycle	recur
resort	fall back	recur
repair	resort
repair	amend	rectify	remedy
repair	revive	animate	quicken	recreate	renovate
revive	resurrect
turn	change by reversal	correct	rectify	reverse	right
turn	move around
turn back	invert	reverse
peek	glance	glint
pet	gentle
pick up	turn around
pick up	catch
pick up	peck
smack	peck
pick up	hear	see	learn	discover	find out	get a line	get wind	get word
pick up	arrest	apprehend	collar	cop	nab	nail
pick up	lift up	elate	intoxicate	uplift
smash	blast	boom	nail
smash	dash
soak	intoxicate
win	come through	bring home the bacon	nail	nail down	peg	succeed
sail through	ace	breeze through	nail	sweep through
turn up	locate	nail	pinpoint
turn up	ensue	prove	result	turn out
pile up	accumulate	amass	conglomerate	gather
pile up	stack up	heap up
run up	gather	pucker	sew	sew together	stitch	tuck
run up	chalk up
tally	chalk up
pitch	incline	slope
place	come out	come in
step up	come out	come forward	come to the fore	step forward	step to the fore
pop	come out	pop out	bug out	bulge	bulge out	protrude
pop	crop up	pop up
plant	implant	embed	pot
plant	constitute	establish	found	institute
show	demonstrate	establish	prove
show	attest	bear witness	certify	demonstrate	evidence	manifest	prove	testify
show	bear witness	cite	evidence	prove	testify
play	fiddle	toy
play	toy	flirt
point	signal	indicate	bode	forecast	foreshadow	foretell	omen	predict
point	indicate	designate
point	orient
point	charge	level
steer	head	point	channel	direct	guide	maneuver
take	lead	conduct	direct	guide
send	direct	route
take	get hold of
reach	get through	contact	get hold of
reach	achieve	accomplish	attain	average
reach	achieve	accomplish	attain	manage
reach	extend to
wield	handle	manage
point	aim	direct	target
poke	pry	horn in	intrude	nose
polish	brush up	polish up	round	round off
polish	down	fine-tune	refine
polish off	finish	eat up
ponder	meditate	reflect	contemplate	chew over	mull	mull over	muse	speculate	think over
reflect	reverberate
shine	reflect
shine	gleam	glint	glisten	glitter
shine	beam	glow	radiate
shine	polish	smooth
smooth	smooth out
pound	pound up
pound	pound off
pound	ram	ram down
pound	lumber
pound	thump	beat
thump	thud
scrunch	thud
squat	crouch	scrunch	hunker	hunker down	scrunch up
thump	pound	poke
press out	extract	express
prise	prize	esteem	fear	respect	revere	reverence	value	venerate
prize	treasure	appreciate	recognize	value
pry	lever	prise	prize	jimmy
treasure	care for	cherish	hold dear
pull	get out	take out	pull out	draw
take out	pull up	pull out	extract	draw out
pull out	back down	back off	bow out	chicken out
push	bear on
push	advertise	bill	promote
push	tug	labor
push	crowd
push	press	fight	agitate	campaign	crusade
tug	lug	tote
push	force	nose
thrust	force
thrust	pierce
put	assign
put	place	commit	fund	invest
put	place	commit	invest	shelter
roll up	collect	compile	pile up	accumulate	amass	fund	hoard
roll up	bundle	bundle up
roll up	wrap up
support	fund
support	bring home the bacon	provide
support	patronize	sponsor
shop	buy at	frequent	patronize	shop at	sponsor
put	place	commit	invest	job	speculate
put in	throw in	come in	inject	interject
quench	quell	squelch
quench	allay	assuage
quench	blow out	snuff out	extinguish
relieve	alleviate	assuage
quiet	calm	appease	assuage	calm down	gentle	lull	pacify	placate	still
quiet	calm	assure	calm down	lull	reassure	still
raise	elevate	advance	entitle	gentle	kick upstairs	promote	upgrade
raise	elevate	advance	favor	kick upstairs	prefer	promote	upgrade
see	view	consider	favor	reckon	regard
shut up	silence	hush	hush up	still
quiet	hush	pipe down	quiet down
relieve	allay	ease	still
save	relieve	salvage
relieve	excuse	exempt	frank	let off
save	preserve	conserve	husband
save	bring through	carry through	pull through
save	lay aside	save up
save	make unnecessary
save	spare	favor
study	consider	factor	factor in	factor out
study	learn
study	meditate	contemplate
quit	throw in	give up	drop out	chuck up the sponge	drop by the wayside	fall by the wayside	throw in the towel
quit	stop	give up	cease	cheese	discontinue	lay off
quit	step down	resign	leave office
quit	depart	take leave
quit	relinquish	renounce
step down	weaken
stop	block	halt
stop	stop over
stop	break off	discontinue
raise	grow	farm	produce
raise	bring up	nurture	parent	rear
raise up	disturb	agitate	shake up	stir up	vex
read	take
take	bring	convey	tube
select	choose	take	panel	pick out
select	choose	take	field	pick out
select	choose	take	go	pick out	plump
select	choose	take	elect	pick out
select	choose	take	assign	pick out	set apart	specify
select	choose	take	nominate	pick out	propose
select	choose	take	pick out	vote
state	express	vote
take	ask	call for	cost	demand	involve	necessitate	need	postulate	require
summon	cite	demand	summons
summon	page
summon	come up	muster	muster up	rally
summon	marshal	mobilize
take	remove	take away
remove	bench
remove	get rid of
remove	take out	move out
take out	unpack
take out	take away
take out	ask out	invite out
work	page
work	busy	occupy
work	volunteer
work	minister
work	do work	farm
take in	collect	farm
watch	see	view	take in
take in	ingest	absorb	assimilate
watch	look on
watch	look out	watch out
watch	check	see	learn	find out	ascertain	determine
work	do work	job
work	do work	man
work	act
run	operate	work	go	double	function
run	lean	be given	incline	suffer	tend
run	hunt	course	hunt down	track down
serve	function	officiate
serve	represent
stop	end	finish	cease	go	run low	run short	terminate
stop	end	finish	cease	disappear	go away	terminate	vanish
stop	block	block up	bar	barricade	block off	blockade
seal off	blockade
shut off	close off	block off
trace	hunt	hound
recall	echo
withdraw	recall	call in	call back
remember	think	recall	recollect	call up	retrieve	call back	recognize
remember	retain	think of
return	recall	come back	hark back
return	bring back	take back
swallow	withdraw	take back
withdraw	seclude	sequester
recite	enumerate	itemize
refuse	decline	regret
turn down	refuse	pass up	decline	reject
refuse	resist	defy
refuse	deny
traverse	deny
refuse	resist	reject
resist	balk
turn down	refuse	turn away	reject
turn away	avert
turn down	disdain	freeze off	reject	scorn	spurn
relax	unwind	loosen up	slow down
relax	loose
remember	think back
remember	commend
remember	characterize	qualify	think of
toy with	think about	entertain	flirt with	think of
remove	absent
remove	transfer
repeat	cite	quote	reiterate	restate	retell
repeat	reprise
resume	sum up	summarize
sum	sum up	summarize
tally	add	sum	total	add together	add up	sum up	tot	tot up	tote up
return	retort	come back	rejoin	repay
return	give back	refund	repay
revive	come to	resuscitate
revolve	orb	orbit
ride	taunt	tease	bait	banter	jolly	kid	rag	rally	tantalize
ride	tube
ride	cycle	motorbike	motorcycle
ride	boat
ride	tool	tool around
work	work on	process	tool
work	work on	process	till
work	exercise	work out
roll	roll out
roll out	straighten
roll	wrap	wind	twine
wind	nose	scent
wind	wind up
wrap	enclose	envelop	tube
roll	bowl	wheel
roll	undulate
wave	flap	undulate
wave	curl
rotate	splay	spread out	turn out
turn off	switch off	turn out
turn off	put off
rotate	revolve	go around	wheel	wheel around
say	tell	order	direct	enjoin
tell	assure
say	pronounce	articulate	enunciate	round	sound out
say	pronounce	accent	accentuate	articulate	enunciate	sound out	stress
scold	bawl out	berate	call down	call on the carpet	chew out	chew up	chide	dress down	jaw	lecture	rag	rebuke	reprimand	take to task
scold	grumble
scoop	best	outdo	trump
score	mark
score	seduce
seek	try	attempt	adventure	assay	chance	essay	gamble	hazard	risk	run a risk	take a chance
seek	try	attempt	assay	essay	lay on the line	put on the line	risk
stake	adventure	hazard	jeopardize	venture
seize	take over	assume	usurp
send	mail	express	post
send	mail	post	register
send	ship	transport
send	post	station
transfer	transmit	channel	project	transport
show	project
show	depict	illustrate	picture	render
show	connote	evince	express	imply
show	evince	evoke	express	paint a picture	suggest
show	articulate	evince	express	formulate	give voice	phrase	word
show	accent	accentuate	emphasize	evince	express	punctuate	stress
translate	interpret	render
translate	transform
translate	interpret	understand
utter	express	give tongue to	voice
utter	express	give tongue to	represent
utter	let out	emit	let loose
unleash	let loose	loose
unwrap	discover	expose	let out	reveal	bring out	disclose	divulge	give away	let on
shit	betray	rat	shop	denounce	give away	grass	snitch	stag	tell on
shit	crap	defecate	stool	take a crap	take a shit
send	send out
send	direct	refer
set	adjust	correct
set	fix	ready	set up	gear up	prepare	provide
set	fix	ready	set up	gear up	prepare	prime
set	plant	bed
set	determine	value
set	assess	determine	tax
set	determine	price
set	fix	define	determine	limit	specify
set	mark
shake	rock	sway
swing	sway
swing	swing over
swing	swing out
swing	dangle
shake	agitate
shape	decide	determine	influence	mold	regulate
shape	determine	index	influence	mold	regulate
shed	slough
shed	spill	pour forth
shift	dislodge
shift	transfer
shift	stir	agitate	budge
switch	shift	change	transition
switch	shift	change over
transfer	assign
transfer	distribute
sidle up	shine up	cotton up	cozy up	play up	suck up
sink	fall off	slump
slide down	sink	slump
sit	ride
sit	model	pose	posture
slow	retard	slow down	slow up
slow	slack	slacken	slow down	slow up
sort	sort out	assort	class	classify	refer	separate
sort	sort out	assort	class	classify	separate	size
sort	sort out	assort	class	classify	group	separate
sort	sort out	assort	class	classify	grade	separate
sort out	correct	discipline
sound	vocalise	vocalize	voice
vocalise	vocalize	articulate	enunciate
sound	prepare
speak	address
spin	whirl	gyrate	spin around	reel
spin	whirl	twirl
whirl	swirl	eddy	whirlpool
whirl	tumble	whirl around
spit	skewer
splash	spatter	splatter
splash	slosh	slush
sprinkle	spit	patter	spatter
squish	splash	slop	slosh	squelch
squeeze	squash	crush	mash	squelch
swill	slop
wedge	force	squeeze	impact
squeeze	force	coerce	pressure
spread	broadcast	diffuse	circulate	disperse	disseminate	distribute	pass around	propagate
spread	circulate	go around
squeeze	wring	extort	gouge	rack
thrust	shove	squeeze	stuff
stuff	choke up	lug
stuff	gorge	binge	glut	overeat	pig out	scarf out
torture	torment	rack
torment	crucify	dun	frustrate	rag
wring from	extort
suck	suck in
suck in	draw in
suckle	nurse	suck	breastfeed	give suck
swim	float
swim	drown	drowned
swim	school
tackle	harness
take	acquire	take on	adopt	assume
take	aim	train	direct	sight	take aim
take	carry	pack
take in	take up	suck in	sop up
take up	resume
take in	take up	imbibe	suck	soak up	absorb	sop up	suck up
take on	meet	encounter
take on	accept	admit
take on	take over	adopt	assume
take on	tackle	undertake
take over	relieve	spell
take over	bear	accept	assume
take over	buy out	buy up
take over	repeat
take up	take over	adopt	borrow
take over	absorb
take up	scoop	scoop up	lift out	scoop out
talk	lecture
talk	sing	babble	babble out	let the cat out of the bag	peach
talk	speak	utter	mouth
talk	spill
talk	speak	cheek
tame	domesticate	reclaim
tame	cultivate	domesticate	naturalize
tell	recite	narrate	recount	relate
throw	drop	cast	shed	throw off	throw away	cast off	shake off
throw off	escape from	shake off
touch	touch on	affect	bear on	bear upon	impact	process	treat
touch	touch on	affect	bear on	bear upon	impact	subject
touch	disturb
touch	touch on	come to	affect	bear on	concern	involve	pertain	refer	regard	relate
touch	touch on	come to	bear on	concern	interest	matter to	pertain	refer	relate
touch	meet	adjoin	contact
train	groom	dispose	prepare	qualify
train	develop	educate	prepare
train	civilize	cultivate	educate	school
train	condition	discipline
turn	twist	bend	deform	flex
twist	distort	twine
twist	wind	curve
wring	contort	deform	distort
wring	wrench
wake	awake	awaken	waken	wake up	arouse	come alive
wake	ignite	heat	fire up	inflame	stir up
wake	awaken	rouse	waken	wake up	arouse
want	need	require	wanted
want	desire	wanted
want	desire	miss
want	desire	like
wink	blink	blink away
wink	flash	blink	twinkle
work	knead	proof
work	shape	forge	form	layer	mold
work	shape	forge	form	machine	mold
work	shape	forge	form	hill	mold
work	shape	forge	form	model	mold
write	drop a line
write	compose	instrument
write	compose	pen	profile
write	adopt	compose	dramatize	pen
write	compose	draft	outline	pen
write	cite	compose	pen	reference
write	publish
